{
  "AED": 4.131027,
  "ALL": 103.283387,
  "AFN": 96.584465,
  "QAR": 4.094963,
  "RON": 4.943825,
  "RUB": 101.501806
}
